"id","lieux_id","directus_files_id"
4,2,"de491d9c-d271-47f7-bfd7-cd50986d6232"
5,3,"5cad0f6d-48d7-4cd1-b5e9-cd155d4b4f46"
6,4,"b4e77fa3-78b5-408c-aff2-21a91f1d1ea6"
7,5,"99cbae23-c18c-4642-a742-e9eb83583960"
8,6,"f4c4db07-cc60-43cf-b15e-60c98a9e3af9"
9,7,"07d44a84-223a-4069-b3b1-c6283b0226d1"
10,8,"63808d91-10d6-49dd-a9b1-ead9ae8479aa"
11,9,"159aba9e-5f0f-420c-ae15-06559b1af77b"
12,10,"0dc7a62b-5ef4-4bb0-813d-781783ecfba5"
13,11,"2f2b59b1-fae2-4e96-acaa-34dd439c1cee"
14,12,"f35ae670-35d3-45ae-9767-4dfdb15b5428"
15,13,"58193e92-d8ef-49c6-990b-83bc197da2d2"
16,14,"ca7588d7-b171-4af3-862e-14c5cd8f5a7e"
17,15,"3c351188-19f7-45d9-b739-6b81bcf7da69"
18,16,"2448d48c-ac35-492b-bbfb-a0b335efc64a"
19,17,"189f018f-4d1e-456d-92f0-9eb53a2a645d"
20,18,"1dc44e09-c8ee-496f-a2a6-42c0d4b1bac1"
21,19,"7ddc98ac-d31d-4611-8ce3-7239c30dc647"
22,20,"4eedf247-7663-489e-a5ac-f8b68de3fd1e"
23,21,"700237f6-d359-49bb-ae4f-4a405da489b3"
24,22,"8ee42693-ac0b-4ced-b446-289307d0607d"
25,23,"b09179d1-6ad2-4d10-9634-4facc12808c9"
26,24,"e23d6475-e981-4bd4-b771-46f52eae3578"
27,25,"a8d9a336-2a87-428b-bc5a-18a7bde57f71"
28,26,"3027773d-d32d-4fa0-b37c-72af275a3de0"
29,27,"7a7e9e67-237b-4af7-be58-282700d629a8"
30,28,"3b4432cf-0525-4629-a352-392889a3dde1"
31,29,"77f5285d-5b76-4fdb-a18b-089b38b32607"
32,30,"78e09f42-c0fd-4361-92a2-6b0b10c5d746"
33,31,"cddcc2be-f234-47bc-be69-7ba76cb34577"
34,32,"040fc3d6-71dd-4c23-9636-4c6c0fa0bc21"
35,33,"68127771-437f-4e27-bfe6-8f32b25055d5"
36,34,"f6880081-cb92-462c-bb17-0545491a54e0"
37,35,"1b38d9e6-d8b6-48e0-ab2a-c88a4b82bdbd"
38,36,"ef978bfb-ab36-40bb-a639-21630ec50759"
39,37,"5998db20-b186-4015-91be-cadefa8cbc99"
40,38,"3f33696d-a03b-4c22-a127-ea86dc77b78e"
41,39,"c7dc91f9-bd62-45cd-90ff-520aba7e7364"
42,40,"03aebf23-0b49-44da-ab57-434b2e62bf6f"
43,41,"24529124-19b8-4d5b-9e29-fa82e83b6897"
44,42,"d7f49cbc-d8fb-4c5c-af78-b7b496f6d61d"
45,43,"0c6257bb-4a2e-4aaf-8280-cc4628fff343"
46,44,"f622824f-59f9-439f-9810-c4e694523940"
47,45,"87a56818-18d6-4ad5-93ec-6327ff5a223a"
48,46,"2536ea1d-4ed7-4b8d-b432-b6b0618c732a"
49,47,"2584ab9b-1563-4c74-a7c5-c76e4975b903"
50,48,"d716ba0d-e932-48df-9e2a-252eeaa7c72a"
51,49,"87959325-3fbc-46bb-bc2d-dc0979e44a1c"